story_slug,story_title,image_file,status
the-apricot-tree-and-the-late-rain,The Apricot Tree and the Late Rain,the-apricot-tree-and-the-late-rain.jpg,included
the-badger-and-the-borrowed-hole,The Badger and the Borrowed Hole,the-badger-and-the-borrowed-hole.jpg,included
the-baker-and-the-last-loaf,The Baker and the Last Loaf,the-baker-and-the-last-loaf.jpg,included
the-bee-and-the-empty-jar,The Bee and the Empty Jar,the-bee-and-the-empty-jar.jpg,included
the-blacksmiths-clock-and-the-river,The Blacksmith's Clock and the River,the-blacksmiths-clock-and-the-river.jpg,included
the-candle-that-shared-its-flame,The Candle That Shared Its Flame,the-candle-that-shared-its-flame.jpg,included
the-candlemakers-son-and-the-dark-hall,The Candlemaker's Son and the Dark Hall,the-candlemakers-son-and-the-dark-hall.jpg,included
the-carpenter-and-the-crooked-gate,The Carpenter and the Crooked Gate,the-carpenter-and-the-crooked-gate.jpg,included
the-clay-cup-and-the-mountain-spring,The Clay Cup and the Mountain Spring,the-clay-cup-and-the-mountain-spring.jpg,included
the-crab-who-walked-straight-at-dawn,The Crab Who Walked Straight at Dawn,the-crab-who-walked-straight-at-dawn.jpg,included
the-crow-who-counted-clouds,The Crow Who Counted Clouds,the-crow-who-counted-clouds.jpg,included
the-deer-and-the-quiet-bell,The Deer and the Quiet Bell,,planned
the-donkey-and-the-three-promises,The Donkey and the Three Promises,,planned
the-finch-and-the-door-left-open,The Finch and the Door Left Open,,planned
the-firefly-who-feared-dawn,The Firefly Who Feared Dawn,,planned
the-fisherman-and-the-sleepless-net,The Fisherman and the Sleepless Net,,planned
the-fox-who-borrowed-a-roar,The Fox Who Borrowed a Roar,the-fox-who-borrowed-a-roar.jpg,included
the-garden-that-waited,The Garden That Waited,the-garden-that-waited.jpg,included
the-goat-who-guarded-laughter,The Goat Who Guarded Laughter,,planned
the-hare-who-practiced-slowness,The Hare Who Practiced Slowness,,planned
the-hedgehog-who-hired-the-wind,The Hedgehog Who Hired the Wind,,planned
the-heron-and-the-broken-reflection,The Heron and the Broken Reflection,,planned
the-kite-above-the-wheat-field,The Kite Above the Wheat Field,,planned
the-lantern-and-the-little-road,The Lantern and the Little Road,the-lantern-and-the-little-road.jpg,included
the-library-of-feathers,The Library of Feathers,,planned
the-little-bridge-and-the-heavy-cart,The Little Bridge and the Heavy Cart,,planned
the-market-of-kind-words,The Market of Kind Words,the-market-of-kind-words.jpg,included
the-mirror-lake,The Mirror Lake,the-mirror-lake.jpg,included
the-mole-who-drew-sunlight,The Mole Who Drew Sunlight,,planned
the-mouse-and-the-map-of-cheese,The Mouse and the Map of Cheese,the-mouse-and-the-map-of-cheese.jpg,included
the-olive-tree-that-remembered-winter,The Olive Tree That Remembered Winter,,planned
the-orchard-of-shared-shadows,The Orchard of Shared Shadows,,planned
the-owl-who-saved-questions,The Owl Who Saved Questions,the-owl-who-saved-questions.jpg,included
the-patient-river-and-the-proud-stone,The Patient River and the Proud Stone,the-patient-river-and-the-proud-stone.jpg,included
the-pebble-in-the-mayors-shoe,The Pebble in the Mayor's Shoe,,planned
the-pine-and-the-storm-of-questions,The Pine and the Storm of Questions,,planned
the-potters-apprentice-and-the-silent-kiln,The Potter's Apprentice and the Silent Kiln,,planned
the-reed-who-would-not-boast,The Reed Who Would Not Boast,,planned
the-rooftop-cat-and-the-open-window,The Rooftop Cat and the Open Window,,planned
the-seal-and-the-echoing-cave,The Seal and the Echoing Cave,,planned
the-ship-of-paper-doors,The Ship of Paper Doors,,planned
the-snail-who-kept-a-festival-journal,The Snail Who Kept a Festival Journal,,planned
the-sparrow-who-carried-a-sea,The Sparrow Who Carried a Sea,,planned
the-swallow-and-the-borrowed-season,The Swallow and the Borrowed Season,,planned
the-tailor-finch-and-the-festival-coat,The Tailor Finch and the Festival Coat,,planned
the-tortoise-who-kept-tomorrow,The Tortoise Who Kept Tomorrow,the-tortoise-who-kept-tomorrow.jpg,included
the-weaver-bird-and-the-loose-thread,The Weaver Bird and the Loose Thread,,planned
the-willow-basket-and-the-river-stones,The Willow Basket and the River Stones,,planned
the-windmill-that-wanted-applause,The Windmill That Wanted Applause,,planned
the-wolf-who-learned-listening,The Wolf Who Learned Listening,,planned
